name,category,subcategory,address,phone,rating,reviews,website,profileUrl,placeId,verified,claimEmail
F45 Training Port Credit,Fitness & Sports,,"378 Lakeshore Rd E, Mississauga, ON L5G 1H5, Canada",(416) 527-0891,5,305,http://www.f45training.ca/portcredit,https://mississaugainsider.ca/directory/fitness/f45-training-port-credit-ixkzxp/,ChIJv9LpdvVHK4gRL8ELjsfD3LE,no,
Auria Pilates,Fitness & Sports,,"39 Lakeshore Rd E Unit 300, Mississauga, ON L5G 1C9, Canada",(905) 271-6663,5,184,http://auriapilates.ca/,https://mississaugainsider.ca/directory/fitness/auria-pilates-qg322p/,ChIJfbRxLwBHK4gRcdgL8NqWVKE,no,
"Women Who Lift - Personal Trainer, Bootcamp & Fitness Mississauga",Fitness & Sports,,"3105 Unity Dr Unit 16, Mississauga, ON L5L 4L3, Canada",(647) 578-8115,5,183,https://womenwholift.com/pages/fitness-and-personal-trainer,https://mississaugainsider.ca/directory/fitness/women-who-lift-personal-trainer-bootcamp-and-fitness-mississ-918a4u/,ChIJi0KSQBZHK4gRcW1hoVkvZ2k,no,
StrongerNow Inc.,Fitness & Sports,,"579 Lakeshore Rd E E B, Mississauga, ON L5G 0B3, Canada",(416) 985-7097,5,137,http://strongernow.ca/,https://mississaugainsider.ca/directory/fitness/strongernow-inc-4qpu18/,ChIJiYS1vL2vLIgRgKcco28LJE8,no,
Elite Boxing & Fitness,Fitness & Sports,,"560 Courtneypark Dr W, Mississauga, ON L5W 1L9, Canada",(289) 276-7318,5,135,https://eliteboxingfit.com/,https://mississaugainsider.ca/directory/fitness/elite-boxing-and-fitness-4ea0us/,ChIJqU6oBFBBK4gRRyU-5xKEJrs,no,
FS8 Port Credit,Fitness & Sports,,"175 Lakeshore Rd W Second Floor, Unit 12, Mississauga, ON L5H 0A6, Canada",,5,110,https://fs8.com/studio/portcredit/,https://mississaugainsider.ca/directory/fitness/fs8-port-credit-ppu8vq/,ChIJB7-ExzNHK4gR2JzOe5u5kLw,no,
J17 Performance Mississauga,Fitness & Sports,,"3413 Wolfedale Rd Unit 8, Mississauga, ON L5C 1V8, Canada",(416) 826-6084,5,105,https://www.j17performance.com/,https://mississaugainsider.ca/directory/fitness/j17-performance-mississauga-lisu0y/,ChIJV5okeyZHK4gRaIEftUJlvTc,no,
I.S.A Calisthenics Gym - Indomitable Spirit Academy,Fitness & Sports,,"Inside Sky Fitness, 3345 Laird Rd #3, Mississauga, ON L5L 5R6, Canada",(416) 455-0213,5,91,https://www.indomitablespiritacademy.com/,https://mississaugainsider.ca/directory/fitness/i-s-a-calisthenics-gym-indomitable-spirit-academy-5s9whd/,ChIJYftljIxDK4gRle0uzhn4MQQ,no,
TERNION Fitness & Athletics,Fitness & Sports,,"66 Thomas St 32 & 34, Mississauga, ON L5M 2P3, Canada",(905) 828-7298,5,88,http://ternion3.ca/,https://mississaugainsider.ca/directory/fitness/ternion-fitness-and-athletics-f2o8fg/,ChIJX9MoCb9BK4gRapK0NVte1Jw,no,
Primal Strength Club,Fitness & Sports,,"145 Traders Blvd E #25, Mississauga, ON L4Z 2E5, Canada",(905) 370-0080,5,64,http://www.primalstrengthclub.com/,https://mississaugainsider.ca/directory/fitness/primal-strength-club-ej2mle/,ChIJAY_xM6BAK4gRaa9fdFl9XHA,no,
CrossFit Port Credit,Fitness & Sports,,"58 Oakwood Ave N, Mississauga, ON L5G 3L8, Canada",(289) 468-1202,5,62,https://crossfitportcredit.com/,https://mississaugainsider.ca/directory/fitness/crossfit-port-credit-jdw61k/,ChIJW1X83BRGK4gRVSWMMSV2Cr4,no,
Level Up Fitness Academy,Fitness & Sports,,"1195 Queensway E #22, Mississauga, ON L4Y 0G4, Canada",(416) 648-0136,5,52,https://levelupfitness.ca/,https://mississaugainsider.ca/directory/fitness/level-up-fitness-academy-urj2e3/,ChIJtSQiv-Q3K4gRzmcHhBLtYsY,no,
Deaglan Fitness,Fitness & Sports,,"2100 Sherobee Rd, Mississauga, ON L5A 4C5, Canada",(416) 721-1189,5,45,https://deaglanfitness.ca/,https://mississaugainsider.ca/directory/fitness/deaglan-fitness-n7f7kd/,ChIJ36339bZHK4gRjAfQOvLbvWA,no,
360 Knockout Fitness,Fitness & Sports,,"1935 Drew Rd, Mississauga, ON L5S 1M7, Canada",(647) 855-3545,5,37,,https://mississaugainsider.ca/directory/fitness/360-knockout-fitness-bdnroi/,ChIJmd2UBmM-K4gReTwK7EKPuwY,no,
Ether Gym,Fitness & Sports,,"1215 Queensway E Unit 45, Mississauga, ON L4Y 0G4, Canada",(416) 908-1147,5,32,http://www.ethergym.com/,https://mississaugainsider.ca/directory/fitness/ether-gym-2pm5wg/,ChIJUVTyIdJHK4gRj_onahk2JC4,no,
F45 Training Clarkson,Fitness & Sports,,"1900 Lakeshore Rd W, Mississauga, ON L5J 1J7, Canada",(647) 677-3399,5,28,https://f45training.ca/clarkson/home?lang=en-ca,https://mississaugainsider.ca/directory/fitness/f45-training-clarkson-kjh8ji/,ChIJ2f5fX0o1K4gRFEm8H6kzl1c,no,
Pilates Joint,Fitness & Sports,,"230 Lakeshore Rd E Unit 306, Mississauga, ON L5G 1G2, Canada",(416) 655-0153,5,25,http://www.pilatesjoint.com/,https://mississaugainsider.ca/directory/fitness/pilates-joint-0azsm4/,ChIJEQlKEZBHK4gRSQuqYI1Qgts,no,
BBB - Bodies By Bravo,Fitness & Sports,,"4080 Confederation Pkwy Suite 205, Mississauga, ON L5B 0G1, Canada",(647) 970-3925,5,22,https://www.instagram.com/bodiesbybravo/,https://mississaugainsider.ca/directory/fitness/bbb-bodies-by-bravo-cua6l7/,ChIJYT8ubEJHK4gREUyFi-EZgLI,no,
Sanjana Parulekar's Dance & Yoga Studio,Fitness & Sports,,"Candlestick Cir, Mississauga, ON L4Z 0B2, Canada",(647) 231-2057,5,22,,https://mississaugainsider.ca/directory/fitness/sanjana-parulekar-s-dance-and-yoga-studio-8yz7gk/,ChIJl_EkGyFHK4gRVkyqM2dvLbE,no,
Kalektiv,Fitness & Sports,,"1215 Queensway E #43, Mississauga, ON L4Y 0G4, Canada",,5,16,https://kalektiv.ca/,https://mississaugainsider.ca/directory/fitness/kalektiv-5grvi8/,ChIJgxWiB0ZHK4gRS3dDJMdxr64,no,
Fitness Society,Fitness & Sports,,"307 Lakeshore Rd E, Mississauga, ON L5G 1H3, Canada",(905) 519-4625,5,15,https://fitnesssociety.ca/,https://mississaugainsider.ca/directory/fitness/fitness-society-x3pw0r/,ChIJ1YKGqcVHK4gRl70SFRY4wnI,no,
ONESTEP YOGA AND FITNESS,Fitness & Sports,,"4130 Parkside Village Dr, Mississauga, ON L5B 0L6, Canada",(905) 872-1921,5,15,https://onestepyoga.ca/,https://mississaugainsider.ca/directory/fitness/onestep-yoga-and-fitness-4pxtqf/,ChIJvz4L_rJBK4gR2Zim22SeMxQ,no,
BuffBoy Fitness,Fitness & Sports,,"1111 Meadowgrove Ct, Mississauga, ON L5W 1J2, Canada",(647) 858-6944,5,13,http://www.buffboy.ca/#,https://mississaugainsider.ca/directory/fitness/buffboy-fitness-dv3fq4/,ChIJ4UnhAIpDK4gRKy5tQAt3cGM,no,
Tempo Fitness & Performance,Fitness & Sports,,"2290 Dixie Rd, Mississauga, ON L4Y 1Z4, Canada",(416) 524-0845,5,10,https://www.raiseyourtempo.com/,https://mississaugainsider.ca/directory/fitness/tempo-fitness-and-performance-8c2tsf/,ChIJGby1DJhHK4gRQxGNcyPGw-s,no,
Fitness with Kenneth Miller - Certified Personal Trainer,Fitness & Sports,,"Hurontario St, Mississauga, ON L5B 2C9, Canada",(647) 548-8896,5,3,https://instagram.com/fitnesswithkenneth,https://mississaugainsider.ca/directory/fitness/fitness-with-kenneth-miller-certified-personal-trainer-muv8ul/,ChIJ1XuXWjNHK4gRbv1SPTuBPPE,no,
Reid Method Pilates,Fitness & Sports,,"3105 Unity Dr Unit 16, Mississauga, ON L5L 4L2, Canada",(416) 567-7343,5,2,https://calendly.com/personalvictory/privatesession,https://mississaugainsider.ca/directory/fitness/reid-method-pilates-g8aygw/,ChIJvyPBSDhCK4gRxZ41xfFkVXo,no,
Oxygen Yoga & Fitness Meadowvale West,Fitness & Sports,,"3055 Argentia Rd B2, Mississauga, ON L5N 8E1, Canada",(942) 444-1630,5,1,https://oxygenyogaandfitness.com/meadowvale-west/,https://mississaugainsider.ca/directory/fitness/oxygen-yoga-and-fitness-meadowvale-west-5a6ku9/,ChIJoWye_nprK4gRM4RDm6rerjM,no,
"Konga Fitness & Martial Arts | Boxing, Muay Thai & Personal Training | Mississauga",Fitness & Sports,,"4995 Timberlea Blvd Unit 6, Mississauga, ON L4W 2S2, Canada",(905) 212-1212,4.9,566,https://kongafitness.com/,https://mississaugainsider.ca/directory/fitness/konga-fitness-and-martial-arts-boxing-muay-thai-and-personal-93jrr9/,ChIJrfPKeqA4K4gR0r9JUnzBQd4,no,
Habitual Fitness & Lifestyle,Fitness & Sports,,"3611 Mavis Rd, Mississauga, ON L5C 1T7, Canada",(905) 232-5222,4.9,475,https://www.habitual.ca/,https://mississaugainsider.ca/directory/fitness/habitual-fitness-and-lifestyle-30j3kg/,ChIJTdHjptJGK4gRJP0NMZ29hxE,no,
F45 Training Streetsville,Fitness & Sports,,"128 Queen St S #24, Mississauga, ON L5M 1K8, Canada",(416) 655-9364,4.9,271,https://f45training.com/ca/studio/streetsville/,https://mississaugainsider.ca/directory/fitness/f45-training-streetsville-p9mufb/,ChIJVS2SOP1BK4gRkNvlDCb3G2E,no,
High Octane Training,Fitness & Sports,,"3105 Unity Dr Unit 16, Mississauga, ON L5L 4L3, Canada",(905) 828-8811,4.9,214,http://www.highoctanetraining.ca/,https://mississaugainsider.ca/directory/fitness/high-octane-training-k9yjbj/,ChIJvRg_UThCK4gRq9FDzHfnbtE,no,
Hawkestone Fitness,Fitness & Sports,,"3555 Hawkestone Rd, Mississauga, ON L5C 2V1, Canada",(647) 502-2275,4.9,119,https://www.hawkestonefitness.com/,https://mississaugainsider.ca/directory/fitness/hawkestone-fitness-qkb198/,ChIJk_Z_iDRBK4gR1AnwmKwWs3Q,no,
Mind to Body Yoga Training,Fitness & Sports,,"7268 Magistrate Terrace, Mississauga, ON L5W 1H8, Canada",(416) 527-2254,4.9,99,http://mindtobody.ca/,https://mississaugainsider.ca/directory/fitness/mind-to-body-yoga-training-joc0w5/,ChIJ-xTDPKJAK4gRVlnOF1G1z5s,no,
Quiet Bodies Pilates and Movement,Fitness & Sports,,"137 Queen St E Unit B, Mississauga, ON L5G 1N1, Canada",(647) 693-3882,4.9,90,http://www.quietbodies.com/,https://mississaugainsider.ca/directory/fitness/quiet-bodies-pilates-and-movement-psjips/,ChIJyYG5HvpHK4gR_J6cBKwTz9k,no,
Raw Fitness Health Club,Fitness & Sports,,"570 Orwell St, Mississauga, ON L5A 3V7, Canada",(647) 856-5341,4.9,73,http://www.rawfitinc.com/,https://mississaugainsider.ca/directory/fitness/raw-fitness-health-club-80bafv/,ChIJ-USzdptHK4gRSHDiAt2zb4k,no,
Sora Studio,Fitness & Sports,,"63 Queen St S Unit 8, Mississauga, ON L5M 3S9, Canada",,4.9,65,https://sorastudio.ca/,https://mississaugainsider.ca/directory/fitness/sora-studio-45jj7r/,ChIJ5RJz1AxBK4gRtigHGiH7BG4,no,
FS8 Streetsville,Fitness & Sports,,"128 Queen St S #24, Mississauga, ON L5M 1K8, Canada",(289) 904-5492,4.9,64,https://fs8.com/studio/streetsville/,https://mississaugainsider.ca/directory/fitness/fs8-streetsville-epncl9/,ChIJM4A22jpBK4gRKECrMnnxeow,no,
"House of Sweat Inc. - Mobile Personal Training, In Home Personal Training and Corporate Fitness",Fitness & Sports,,"4070 Confederation Pkwy Ste 608, Mississauga, ON L5B 0E9, Canada",(647) 988-6794,4.9,59,https://www.houseofsweat.ca/?utm_source=google&utm_medium=wix_google_business_profile&utm_campaign=3604321970689343939,https://mississaugainsider.ca/directory/fitness/house-of-sweat-inc-mobile-personal-training-in-home-personal-hz1lq3/,ChIJFSLbpdVGK4gRd8WLfeHwAbU,no,
BodyTech Wellness,Fitness & Sports,,"10 Falconer Dr #8, Mississauga, ON L5N 2P7, Canada",(905) 330-4444,4.9,48,http://bodytechwellness.ca/,https://mississaugainsider.ca/directory/fitness/bodytech-wellness-f23hgb/,ChIJiZd9VsxBK4gRz54C6h_W63s,no,
Modo Yoga Erin Mills,Fitness & Sports,,"2225 Erin Mills Pkwy Unit 21, Mississauga, ON L5K 1T9, Canada",(905) 822-0309,4.9,39,http://www.modoyogaerinmills.com/,https://mississaugainsider.ca/directory/fitness/modo-yoga-erin-mills-tztdlw/,ChIJfY-4n7JDK4gRhNT6rNCnloM,no,
Evolve Kickboxing- Kickboxing for Women,Fitness & Sports,,"3120 Glen Erin Dr, Mississauga, ON L5L 1R6, Canada",(416) 460-1808,4.9,36,http://www.evolvekickboxing.ca/,https://mississaugainsider.ca/directory/fitness/evolve-kickboxing-kickboxing-for-women-yvdtur/,ChIJ2e7Lar9DK4gREjntvmVsQXg,no,
Be Fit Now,Fitness & Sports,,"6810 Kitimat Rd, Mississauga, ON L5N 5M2, Canada",(416) 824-1408,4.9,36,http://www.befit-now.com/,https://mississaugainsider.ca/directory/fitness/be-fit-now-hmpz47/,ChIJ3xZNipVDK4gRM9f5UsjRclY,no,
Free Bird Gym Mississauga,Fitness & Sports,,"1331 Crestlawn Dr, Mississauga, ON L4W 2P9, Canada",(905) 238-1331,4.8,496,https://freebirdgym.com/,https://mississaugainsider.ca/directory/fitness/free-bird-gym-mississauga-e85ger/,ChIJTV3hiJY5K4gRhZtw-Sm6gyw,no,
Vive Fitness 24/7 Truscott Mississauga,Fitness & Sports,,"2425 Truscott Dr #26, Mississauga, ON L5J 2B4, Canada",(905) 916-8483,4.8,424,http://vivefitness.com/truscott-mississauga/,https://mississaugainsider.ca/directory/fitness/vive-fitness-24-7-truscott-mississauga-17fjgu/,ChIJEZ323X9EK4gR0iET_D2XUI4,no,
Holistic BodyWorx,Fitness & Sports,,"4259 Sherwoodtowne Blvd #1, Mississauga, ON L4Z 1Y5, Canada",(905) 277-1010,4.8,286,http://www.holisticbodyworx.ca/,https://mississaugainsider.ca/directory/fitness/holistic-bodyworx-5aztv3/,ChIJWV0VljBHK4gRZZUqHH8ym_A,no,
Vive Fitness 24/7 Applewood Plaza Mississauga,Fitness & Sports,,"1077 N Service Rd, Mississauga, ON L4Y 1A6, Canada",(647) 642-8483,4.8,170,https://vivefitness.com/1077-north-service-rd-mississauga/,https://mississaugainsider.ca/directory/fitness/vive-fitness-24-7-applewood-plaza-mississauga-o0j27f/,ChIJeTGJsaRHK4gR766JrN2ee_w,no,
L5 Health & Fitness (L5HF),Fitness & Sports,,"8, 780 Burnhamthorpe Rd W #8, Mississauga, ON L5C 3X3, Canada",(905) 232-7242,4.8,110,http://www.l5healthandfitness.com/,https://mississaugainsider.ca/directory/fitness/l5-health-and-fitness-l5hf-fzsa2n/,ChIJKbVsVDJBK4gRcl7RnIdp9k0,no,
Orangetheory Fitness,Fitness & Sports,,"3476 Glen Erin Dr, Mississauga, ON L5L 3R4, Canada",(905) 234-3006,4.8,25,https://www.orangetheory.com/en-ca/locations/mississauga-ontario-can173,https://mississaugainsider.ca/directory/fitness/orangetheory-fitness-n3a0i7/,ChIJdeeJ9O9DK4gRnIkW98uSpMQ,no,
Club Pilates,Fitness & Sports,,"2575 Dundas St W Ste 2, Mississauga, ON L5K 2M6, Canada",(905) 247-7123,4.7,319,http://clubpilates.com/erinmills/?utm_source=google.com&utm_medium=referral&utm_campaign=yext,https://mississaugainsider.ca/directory/fitness/club-pilates-jek6nf/,ChIJHflVOAZDK4gRjT9oVCeNCT0,no,
Huf Gym Inc,Fitness & Sports,,"700 Dundas St E, Mississauga, ON L4Y 3Y5, Canada",(905) 274-4483,4.7,270,http://www.hufboxing.com/,https://mississaugainsider.ca/directory/fitness/huf-gym-inc-xqqpmy/,ChIJEckB1VpGK4gR83d8qSdHozU,no,
Lean Body Studio - Mississauga,Fitness & Sports,,"3135 Universal Dr #1-2, Mississauga, ON L4X 2E6, Canada",(416) 882-7752,4.7,194,http://www.leanbodystudio.com/,https://mississaugainsider.ca/directory/fitness/lean-body-studio-mississauga-n4z3j2/,ChIJAZUbKKA4K4gRbYOQcq_W2mk,no,
Movemint Studio,Fitness & Sports,,"327 Lakeshore Rd E, Mississauga, ON L5G 1H3, Canada",(647) 204-6589,4.7,66,https://www.movemintstudio.com/,https://mississaugainsider.ca/directory/fitness/movemint-studio-4c0y99/,ChIJ-WkRSBhHK4gRfy4epyGbR8U,no,
Courtneypark Active Living Centre,Fitness & Sports,,"730 Courtneypark Dr W, Mississauga, ON L5W 1L9, Canada",(905) 615-4780,4.7,55,https://www.mississauga.ca/recreation-and-sports/locations/courtneypark-active-living-centre/,https://mississaugainsider.ca/directory/fitness/courtneypark-active-living-centre-b7u2mm/,ChIJqXzfuHFAK4gR6g0qjW62n9o,no,
Reforme Pilates,Fitness & Sports,,"3 Hiawatha Pkwy, Mississauga, ON L5G 3R6, Canada",(647) 406-1515,4.7,45,http://www.reformepilates.ca/,https://mississaugainsider.ca/directory/fitness/reforme-pilates-u4ni5w/,ChIJcx6Sl05HK4gRAREcS9Pjfoo,no,
Port Credit Athletics,Fitness & Sports,,"579 Lakeshore Rd E B, Mississauga, ON L5G 0B3, Canada",(905) 271-9700,4.6,605,http://portcreditathletics.ca/,https://mississaugainsider.ca/directory/fitness/port-credit-athletics-jkit1g/,ChIJ16EhYSRGK4gRZ8wj_uzpYXQ,no,
Stacked Pilates & Dance,Fitness & Sports,,"80 Absolute Ave, Mississauga, ON L4Z 0A5, Canada",(905) 275-7822,4.6,18,http://stackedpilatesdance.com/,https://mississaugainsider.ca/directory/fitness/stacked-pilates-and-dance-40wtj3/,ChIJqWI1vyRHK4gR3xZUHW-wTns,no,
Fitness by the Lake Inc.,Fitness & Sports,,"160 Lakeshore Rd E, Mississauga, ON L5G 1G1, Canada",(905) 990-2083,4.6,16,http://www.fitnessbythelake.com/,https://mississaugainsider.ca/directory/fitness/fitness-by-the-lake-inc-msrmqk/,ChIJYzrFr9NFK4gRCFhypfIdfPY,no,
Meadowvale Community Centre,Fitness & Sports,,"6655 Glen Erin Dr, Mississauga, ON L5N 3L4, Canada",(905) 615-4710,4.5,2433,https://web.mississauga.ca/recreation-and-sports/locations/meadowvale-community-centre/,https://mississaugainsider.ca/directory/fitness/meadowvale-community-centre-dw3hm9/,ChIJIWTfw25qK4gRTjZu2r40jlQ,no,
Orangetheory Fitness,Fitness & Sports,,"515 Lakeshore Rd E, Mississauga, ON L5G 1H9, Canada",(905) 277-2876,4.5,186,https://www.orangetheory.com/en-ca/locations/mississauga-ontario-can038,https://mississaugainsider.ca/directory/fitness/orangetheory-fitness-90o8cr/,ChIJ9Z1VUCNGK4gR9LqeUZqNlrA,no,
One Health Clubs,Fitness & Sports,,"2021 Cliff Rd, Mississauga, ON L5A 0A7, Canada",(905) 275-0610,4.4,1240,http://www.onehealthclubs.com/,https://mississaugainsider.ca/directory/fitness/one-health-clubs-8f4wva/,ChIJdYa7YE5GK4gR9U0bh1n8XsE,no,
Erin Meadows Community Centre,Fitness & Sports,,"2800 Erin Centre Blvd, Mississauga, ON L5M 5Z7, Canada",(905) 615-4750,4.4,1008,https://web.mississauga.ca/recreation-and-sports/locations/erin-meadows-community-centre/,https://mississaugainsider.ca/directory/fitness/erin-meadows-community-centre-8m8l4g/,ChIJ0d-HqopBK4gRelTg6JX7bCw,no,
Fit4Less,Fitness & Sports,,"3900 Grand Park Dr, Mississauga, ON L5B 4M6, Canada",(905) 615-0949,4.4,568,https://www.fit4less.ca/locations/provinces/ontario/mississauga/mississauga-grand-park-drive?utm_source=G&utm_medium=lpm&utm_campaign=fit4less,https://mississaugainsider.ca/directory/fitness/fit4less-w41uwm/,ChIJPVW9rj5HK4gR-hs1A2IveVk,no,
Olympia Muscle & Fitness,Fitness & Sports,,"Rockwood Mall, 4141 Dixie Rd, Mississauga, ON L4W 1V5, Canada",(905) 624-3075,4.4,190,http://olympiamuscleandfitness.com/,https://mississaugainsider.ca/directory/fitness/olympia-muscle-and-fitness-i8iscg/,ChIJ5do6G344K4gR2gAXsj67AY8,no,
Orangetheory Fitness,Fitness & Sports,,"1476 Dundas St E, Mississauga, ON L4X 1L4, Canada",(905) 667-7044,4.4,168,https://www.orangetheory.com/en-ca/locations/mississauga-ontario-can037,https://mississaugainsider.ca/directory/fitness/orangetheory-fitness-4vpax4/,ChIJl73j3u1HK4gRg22F2KLgFCM,no,
Fitcourts Mississauga,Fitness & Sports,,"3545 Odyssey Dr Unit 14, Mississauga, ON L5M 2S4, Canada",(647) 556-0115,4.4,117,https://fitcourts.com/,https://mississaugainsider.ca/directory/fitness/fitcourts-mississauga-risbs9/,ChIJBV1znJ1DK4gR0-Amxr4NaBM,no,
Malton Community Centre,Fitness & Sports,,"3540 Morning Star Dr, Mississauga, ON L4T 1Y2, Canada",(905) 615-4640,4.3,1108,https://web.mississauga.ca/recreation-and-sports/locations/malton-community-centre/,https://mississaugainsider.ca/directory/fitness/malton-community-centre-n6kr6u/,ChIJMW9AdpI7K4gRqLke00QwrpE,no,
GoodLife Fitness Mississauga Meadowvale Town Centre,Fitness & Sports,,"6875 Meadowvale Town Centre Cir, Mississauga, ON L5N 2W7, Canada",(905) 858-5548,4.3,1011,https://www.goodlifefitness.com/clubs/club.246.html?utm_source=G&utm_medium=LPM&utm_campaign=GoodlifeFitness,https://mississaugainsider.ca/directory/fitness/goodlife-fitness-mississauga-meadowvale-town-centre-n8tmmw/,ChIJYwe5SmpqK4gRGVV9jiH-MKo,no,
SkyFitness,Fitness & Sports,,"3345 Laird Rd #3, Mississauga, ON L5L 5R6, Canada",(905) 569-9991,4.3,231,https://skyfitness.ca/,https://mississaugainsider.ca/directory/fitness/skyfitness-syvcst/,ChIJ-ZvcSA9DK4gRX4JimISw6ts,no,
Fit4Less,Fitness & Sports,,"2150 Burnhamthorpe Rd W Unit 18, Mississauga, ON L5L 3A1, Canada",(905) 820-7510,4.3,137,https://www.fit4less.ca/locations/provinces/ontario/mississauga/mississauga-south-commons?utm_source=G&utm_medium=lpm&utm_campaign=fit4less,https://mississaugainsider.ca/directory/fitness/fit4less-j9w7z7/,ChIJjbGJJz5DK4gRuprPTc2fFbo,no,
Fit4Less,Fitness & Sports,,"3050 Vega Blvd Block C, Unit 8C, Mississauga, ON L5L 5X8, Canada",(905) 607-1189,4.3,62,https://www.fit4less.ca/locations/provinces/ontario/mississauga/mississauga-vega?utm_source=G&utm_medium=lpm&utm_campaign=fit4less,https://mississaugainsider.ca/directory/fitness/fit4less-bsobb5/,ChIJe88zCABDK4gRPg4WKihs_AU,no,
LA Fitness,Fitness & Sports,,"40 Annagem Blvd, Mississauga, ON L5T 2Y3, Canada",(905) 696-6939,4.2,1370,https://www.lafitness.com/Pages/clubhome.aspx?clubid=483&utm_source=google&utm_medium=googlemaps&utm_campaign=maps,https://mississaugainsider.ca/directory/fitness/la-fitness-ggwzqs/,ChIJU_wpMnk_K4gRb6tbmvioDZM,no,
Wynn Fitness Meadowvale,Fitness & Sports,,"6750 Mississauga Rd, Mississauga, ON L5N 2L3, Canada",(905) 997-9166,4.2,1066,https://www.wynnfitness.com/,https://mississaugainsider.ca/directory/fitness/wynn-fitness-meadowvale-fgv12h/,ChIJ3bUMwLdrK4gRifHLyvYxNMI,no,
Anytime Fitness,Fitness & Sports,,"5602 Tenth Line W, Mississauga, ON L5M 7L9, Canada",(905) 812-7669,4.2,405,https://www.anytimefitness.ca/gyms/1818/mississauga-on-l5m-7l9/?utm_source=google&utm_medium=organic-businesslisting&utm_campaign=gbp-listing&utm_content=1818,https://mississaugainsider.ca/directory/fitness/anytime-fitness-if8s6o/,ChIJfSmNLABqK4gR5c4bPcqRvAw,no,
MOVATI Athletic Mississauga,Fitness & Sports,,"6685 Century Ave, Mississauga, ON L5N 0C9, Canada",(416) 410-8888,4.1,1253,http://www.movatiathletic.com/,https://mississaugainsider.ca/directory/fitness/movati-athletic-mississauga-tiddek/,ChIJWc9btBprK4gRSOLyJYAjV-s,no,
Fit4Less,Fitness & Sports,,"6991 Millcreek Dr, Mississauga, ON L5N 6B9, Canada",(905) 814-9222,4.1,622,https://www.fit4less.ca/locations/provinces/ontario/mississauga/mississauga-millcreek-and-derry?utm_source=G&utm_medium=lpm&utm_campaign=fit4less,https://mississaugainsider.ca/directory/fitness/fit4less-y7dev4/,ChIJ8aMF1GFqK4gR9RfhJnaAtOw,no,
Meadowvale South Recreation Centre,Fitness & Sports,,"6600 Falconer Dr, Mississauga, ON L5N 1M2, Canada",,4.1,12,,https://mississaugainsider.ca/directory/fitness/meadowvale-south-recreation-centre-gu5x09/,ChIJqW6UUqZBK4gRXwEDqTIDEE8,no,
LA Fitness,Fitness & Sports,,"3055 Vega Blvd, Mississauga, ON L5L 5Y3, Canada",(289) 814-0399,4,2229,https://www.lafitness.com/Pages/clubhome.aspx?clubid=1152&utm_source=google&utm_medium=googlemaps&utm_campaign=maps,https://mississaugainsider.ca/directory/fitness/la-fitness-xvmtu8/,ChIJuSy4GapDK4gRI2I94EQmw44,no,
GoodLife Fitness Mississauga Heartland Town Centre,Fitness & Sports,,"785 Britannia Rd W #3, Mississauga, ON L5V 2Y1, Canada",(905) 816-1964,3.9,1790,https://www.goodlifefitness.com/clubs/club.341.html?utm_source=G&utm_medium=LPM&utm_campaign=GoodlifeFitness,https://mississaugainsider.ca/directory/fitness/goodlife-fitness-mississauga-heartland-town-centre-j2at8i/,ChIJkXRvFV5AK4gRF-qJpr3DqE0,no,
LA Fitness,Fitness & Sports,,"3100 Dixie Rd Ste 14a, Mississauga, ON L4Y 2A6, Canada",(289) 724-0135,3.9,1082,https://www.lafitness.com/Pages/clubhome.aspx?clubid=1129&utm_source=google&utm_medium=googlemaps&utm_campaign=maps,https://mississaugainsider.ca/directory/fitness/la-fitness-wtishc/,ChIJo55R78hUV0AR-0EAGAgRlkU,no,
PowerHouse Gym Mississauga,Fitness & Sports,,"3450 Ridgeway Dr Unit 17, Mississauga, ON L5L 0A2, Canada",(905) 569-8018,3.9,745,http://powerhousegymmississauga.ca/,https://mississaugainsider.ca/directory/fitness/powerhouse-gym-mississauga-4khpkd/,ChIJtxArALVDK4gRUl8i16-RYSA,no,
National Gym & Fitness Centre,Fitness & Sports,,"220 Humberline Dr #12b, Etobicoke, ON M9W 5Y4, Canada",(416) 679-0990,3.9,197,https://nationalgymandfitnesscenter.com/,https://mississaugainsider.ca/directory/fitness/national-gym-and-fitness-centre-8wou6f/,ChIJaRhYbAA7K4gRft7v63j-GSQ,no,
Life Time,Fitness & Sports,,"3055 Pepper Mill Ct, Mississauga, ON L5L 4L3, Canada",(905) 363-0200,3.8,1472,https://www.lifetime.life/locations/on/mississauga.html?utm_source=google&utm_medium=local&utm_campaign=google-local-club,https://mississaugainsider.ca/directory/fitness/life-time-0lh2zv/,ChIJnYeP6ilHK4gRE_zzuDo1v0o,no,
Mississauga YMCA,Fitness & Sports,,"325 Burnhamthorpe Rd W, Mississauga, ON L5B 3R2, Canada",(905) 897-9622,3.7,340,https://www.ymcagta.org/find-a-y/mississauga-ymca,https://mississaugainsider.ca/directory/fitness/mississauga-ymca-q3w1oc/,ChIJq2r0FNZGK4gRJkjQeS-Q7Bo,no,
Crunch Fitness - Mississauga,Fitness & Sports,,"6460 Millcreek Dr, Mississauga, ON L5N 2V6, Canada",(905) 821-9987,3.5,1204,https://www.crunchfitness.ca/locations/mississauga,https://mississaugainsider.ca/directory/fitness/crunch-fitness-mississauga-nt3pis/,ChIJX3Ysq3lqK4gRFpml7kZbo00,no,
Mississauga Glen Erin & Eglinton Co-Ed + For Women Club,Fitness & Sports,,"5010 Glen Erin Dr, Mississauga, ON L5M 6J3, Canada",(905) 607-2610,3.5,565,https://www.goodlifefitness.com/clubs/club.361.html?utm_source=G&utm_medium=LPM&utm_campaign=GoodlifeFitness,https://mississaugainsider.ca/directory/fitness/mississauga-glen-erin-and-eglinton-co-ed-for-women-club-t9vdqv/,ChIJoeH1eyBCK4gRN_znUWnWCf8,no,
Fit4Less,Fitness & Sports,,"7205 Goreway Dr, Mississauga, ON L4T 0B4, Canada",(905) 673-6807,3.2,738,https://www.fit4less.ca/locations/provinces/ontario/mississauga/mississauga-westwood?utm_source=G&utm_medium=lpm&utm_campaign=fit4less,https://mississaugainsider.ca/directory/fitness/fit4less-1a4wfo/,ChIJnQV0Ou07K4gRrav9LQXCu4Y,no,
Room 38,Fitness & Sports,,"465 Burnhamthorpe Rd W, Mississauga, ON L5B 0J8, Canada",,,,http://room38.ca/,https://mississaugainsider.ca/directory/fitness/room-38-golffx/,ChIJUcFfDABBK4gRiSbtrqGUJPA,no,
